[{"rating": ["9.5", "50"], "rank": 2, "cover_url": "https://img2.doubanio.com/view/photo/s_ratio_poster/public/p2372307693.jpg", "is_playable": true, "id": "1292720", "types": ["剧情", "爱情"], "regions": ["美国"], "title": "阿甘正传", "url": "https://movie.douban.com/subject/1292720/", "release_date": "1994-06-23", "actor_count": 51, "vote_count": 1723030, "score": "9.5", "actors": ["汤姆·汉克斯", "罗宾·怀特", "加里·西尼斯", "麦凯尔泰·威廉逊", "莎莉·菲尔德", "海利·乔·奥斯蒙", "迈克尔·康纳·亨弗里斯", "哈罗德·G·赫瑟姆", "山姆·安德森", "伊俄涅·M·特雷奇", "彼得·道博森", "希芳·法隆", "伊丽莎白·汉克斯", "汉娜·豪尔", "克里斯托弗·琼斯", "罗布·兰德里", "杰森·麦克奎尔", "桑尼·施罗耶", "艾德·戴维斯", "丹尼尔C.斯瑞派克", "大卫·布里斯宾", "德博拉·麦克蒂尔", "艾尔·哈林顿", "阿非莫·奥米拉", "约翰·沃德斯塔德", "迈克尔·伯吉斯", "埃里克·安德伍德", "拜伦·明斯", "斯蒂芬·布吉格沃特", "约翰·威廉·高尔特", "希拉里·沙普兰", "伊莎贝尔·罗斯", "理查德·达历山德罗", "迪克·史迪威", "迈克尔-杰斯", "杰弗里·布莱克", "瓦妮莎·罗斯", "迪克·卡维特", "马拉·苏查雷特扎", "乔·阿拉斯奇", "W·本森·泰瑞", "约翰·列侬", "埃尔维斯·普雷斯利", "罗纳德·里根", "鲍勃·霍普", "约翰·肯尼迪", "理查德·尼克松", "吴俊全", "蒂莫西·麦克尼尔", "杰拉尔德·福特", "布雷特·赖斯"], "is_watched": false}, {"rating": ["9.5", "50"], "rank": 3, "cover_url": "https://img2.doubanio.com/view/photo/s_ratio_poster/public/p2578474613.jpg", "is_playable": true, "id": "1292063", "types": ["剧情", "喜剧", "爱情", "战争"], "regions": ["意大利"], "title": "美丽人生", "url": "https://movie.douban.com/subject/1292063/", "release_date": "2020-01-03", "actor_count": 29, "vote_count": 1063392, "score": "9.5", "actors": ["罗伯托·贝尼尼", "尼可莱塔·布拉斯基", "乔治·坎塔里尼", "朱斯蒂诺·杜拉诺", "赛尔乔·比尼·布斯特里克", "玛丽萨·帕雷德斯", "霍斯特·布赫霍尔茨", "利迪娅·阿方西", "朱利亚娜·洛约迪切", "亚美利哥·丰塔尼", "彼得·德·席尔瓦", "弗朗西斯·古佐", "拉法埃拉·莱博罗尼", "克劳迪奥·阿方西", "吉尔·巴罗尼", "马西莫·比安奇", "恩尼奥·孔萨尔维", "吉安卡尔洛·科森蒂诺", "阿伦·克雷格", "汉尼斯·赫尔曼", "弗兰科·梅斯科利尼", "安东尼奥·普雷斯特", "吉娜·诺维勒", "理查德·塞梅尔", "安德烈提多娜", "迪尔克·范登贝格", "奥梅罗·安东努蒂", "沈晓谦", "张欣"], "is_watched": false}, {"rating": ["9.5", "50"], "rank": 4, "cover_url": "https://img1.doubanio.com/view/photo/s_ratio_poster/public/p2206737207.jpg", "is_playable": true, "id": "1303408", "types": ["喜剧", "动作", "爱情"], "regions": ["美国"], "title": "福尔摩斯二世", "url": "https://movie.douban.com/subject/1303408/", "release_date": "1924-04-21", "actor_count": 11, "vote_count": 18096, "score": "9.5", "actors": ["巴斯特·基顿", "凯瑟琳·麦奎尔", "乔·基顿", "Ward Crane", "Jane Connelly", "George Davis", "Doris Deane", "Betsy Ann Hisle", "丘比·摩根", "John Patrick", "Ford West"], "is_watched": false}, {"rating": ["9.4", "50"], "rank": 5, "cover_url": "https://img9.doubanio.com/view/photo/s_ratio_poster/public/p457760035.jpg", "is_playable": true, "id": "1292722", "types": ["剧情", "爱情", "灾难"], "regions": ["美国"], "title": "泰坦尼克号", "url": "https://movie.douban.com/subject/1292722/", "release_date": "1998-04-03", "actor_count": 61, "vote_count": 1684753, "score": "9.4", "actors": ["莱昂纳多·迪卡普里奥", "凯特·温丝莱特", "比利·赞恩", "凯西·贝茨", "弗兰西丝·费舍", "格劳瑞亚·斯图尔特", "比尔·帕克斯顿", "伯纳德·希尔", "大卫·沃纳", "维克多·加博", "乔纳森·海德", "苏茜·爱米斯", "刘易斯·阿伯内西", "尼古拉斯·卡斯柯恩", "阿那托利·萨加洛维奇", "丹尼·努齐", "杰森·贝瑞", "伊万·斯图尔特", "艾恩·格拉法德", "乔纳森·菲利普斯", "马克·林赛·查普曼", "理查德·格拉翰", "保罗·布赖特威尔", "艾瑞克·布里登", "夏洛特·查顿", "博纳德·福克斯", "迈克尔·英塞恩", "法妮·布雷特", "马丁·贾维斯", "罗莎琳·艾尔斯", "罗切尔·罗斯", "乔纳森·伊万斯-琼斯", "西蒙·克雷恩", "爱德华德·弗莱彻", "斯科特·安德森", "马丁·伊斯特", "克雷格·凯利", "格雷戈里·库克", "利亚姆·图伊", "詹姆斯·兰开斯特", "艾尔莎·瑞雯", "卢·帕尔特", "泰瑞·佛瑞斯塔", "凯文·德·拉·诺伊", "詹姆斯·卡梅隆", "竹内结子", "詹姆斯·霍纳", "姜广涛", "罗恩·多纳基", "佐佐木澄江", "史蒂文·奎里 ", "詹妮特·戈德斯坦恩", "林凡 ", "Linda Kerns", "马丁·哈伯", "马丁·莱恩", "德里克·李", "保罗·赫伯特", "亚历山大·欧文斯", "Julene Renee", "曲敬国"], "is_watched": false}, {"rating": ["9.4", "50"], "rank": 6, "cover_url": "https://img2.doubanio.com/view/photo/s_ratio_poster/public/p1408665952.jpg", "is_playable": true, "id": "5450891", "types": ["剧情", "爱情", "灾难"], "regions": ["美国"], "title": "泰坦尼克号 3D版", "url": "https://movie.douban.com/subject/5450891/", "release_date": "2012-04-10", "actor_count": 37, "vote_count": 196746, "score": "9.4", "actors": ["莱昂纳多·迪卡普里奥", "凯特·温丝莱特", "比利·赞恩", "凯西·贝茨", "弗兰西丝·费舍", "格劳瑞亚·斯图尔特", "比尔·帕克斯顿", "伯纳德·希尔", "大卫·沃纳", "维克多·加博", "乔纳森·海德", "苏茜·爱米斯", "刘易斯·阿伯内西", "尼古拉斯·卡斯柯恩", "阿那托利·萨加洛维奇", "丹尼·努齐", "杰森·贝瑞", "伊万·斯图尔特", "罗恩·多纳基", "夏洛特·查顿", "博纳德·福克斯", "迈克尔·英塞恩", "艾瑞克·布里登", "詹妮特·戈德斯坦恩", "Linda Kerns", "保罗·赫伯特", "德里克·李", "克雷格·凯利", "西蒙·克雷恩", "马丁·贾维斯", "季冠霖", "詹姆斯·卡梅隆", "马克·林赛·查普曼", "爱德华德·弗莱彻", "艾恩·格拉法德", "罗切尔·罗斯", "史蒂文·奎里 "], "is_watched": false}, {"rating": ["9.4", "50"], "rank": 7, "cover_url": "https://img2.doubanio.com/view/photo/s_ratio_poster/public/p1161132422.jpg", "is_playable": true, "id": "1291831", "types": ["剧情", "爱情", "家庭"], "regions": ["意大利"], "title": "灿烂人生", "url": "https://movie.douban.com/subject/1291831/", "release_date": "2003-06-22", "actor_count": 16, "vote_count": 49526, "score": "9.4", "actors": ["路易吉·洛·卡肖", "阿莱西奥·博尼", "索尼娅·贝加马斯科", "玛雅·珊萨", "法布里齐奥·吉福尼", "杰丝敏·特丽卡", "里卡多·斯卡马乔", "安德烈提多娜", "瓦伦蒂娜·卡妮卢提", "卡米拉·菲利皮", "莉迪亚·维塔莱", "Claudio Gioè", "斯特凡诺·阿伯蒂", "安东内洛·普利西", "阿德里娅娜·阿斯蒂", "Giuseppe Gandini"], "is_watched": false}, {"rating": ["9.4", "50"], "rank": 8, "cover_url": "https://img2.doubanio.com/view/photo/s_ratio_poster/public/p2329626263.jpg", "is_playable": false, "id": "20326557", "types": ["剧情", "爱情", "音乐"], "regions": ["法国"], "title": "巴黎圣母院", "url": "https://movie.douban.com/subject/20326557/", "release_date": "1998", "actor_count": 7, "vote_count": 10471, "score": "9.4", "actors": ["海伦娜·赛加拉", "加劳", "丹尼尔·拉沃伊", "布鲁诺·佩尔蒂埃", "帕特里克·费欧里", "拉克·默维尔", "朱丽叶·泽纳缇"], "is_watched": false}, {"rating": ["9.4", "50"], "rank": 9, "cover_url": "https://img9.doubanio.com/view/photo/s_ratio_poster/public/p2224933614.jpg", "is_playable": false, "id": "25928148", "types": ["剧情", "爱情", "歌舞"], "regions": ["法国"], "title": "罗密欧与朱丽叶", "url": "https://movie.douban.com/subject/25928148/", "release_date": "2002-02-06", "actor_count": 4, "vote_count": 5338, "score": "9.4", "actors": ["达米安·萨格", "希西莉亚·卡拉", "葛里高利·巴奎特", "Tom Ross"], "is_watched": false}, {"rating": ["9.3", "50"], "rank": 10, "cover_url": "https://img3.doubanio.com/view/photo/s_ratio_poster/public/p1963126880.jpg", "is_playable": true, "id": "1300267", "types": ["剧情", "历史", "爱情", "战争"], "regions": ["美国"], "title": "乱世佳人", "url": "https://movie.douban.com/subject/1300267/", "release_date": "1939-12-15", "actor_count": 37, "vote_count": 550108, "score": "9.3", "actors": ["费雯·丽", "克拉克·盖博", "奥利维娅·德哈维兰", "托马斯·米切尔", "芭芭拉·欧内尔", "伊夫林·凯耶斯", "安·卢瑟福德", "乔治·里弗斯", "弗莱德·克莱恩", "海蒂·麦克丹尼尔", "奥斯卡·波尔克", "巴特弗莱·麦昆", "维克托·乔里", "埃弗雷特·布朗", "霍华德·C·希克曼", "艾丽西亚·瑞特", "莱斯利·霍华德", "兰德·布鲁克斯", "卡洛尔·奈", "劳拉·霍普·克鲁斯", "埃迪·安德森", "哈里·达文波特", "利昂娜·罗伯特", "简·达威尔", "欧娜·满森", "保罗·赫斯特", "伊莎贝尔·朱尔", "卡米·金·肯伦", "艾瑞克·林登", "J·M·克里根", "沃德·邦德", "莉莲·肯布尔-库珀", "唐烨", "李守贞", "查曼若", "彭河", "吴文伦"], "is_watched": false}, {"rating": ["9.3", "50"], "rank": 11, "cover_url": "https://img1.doubanio.com/view/photo/s_ratio_poster/public/p2263408369.jpg", "is_playable": true, "id": "1294371", "types": ["剧情", "喜剧", "爱情"], "regions": ["美国"], "title": "摩登时代", "url": "https://movie.douban.com/subject/1294371/", "release_date": "1936-02-25", "actor_count": 37, "vote_count": 228512, "score": "9.3", "actors": ["查理·卓别林", "宝莲·高黛", "亨利·伯格曼", "蒂尼·桑福德", "切斯特·康克林", "汉克·曼", "斯坦利·布莱斯通", "阿尔·欧内斯特·加西亚", "理查德·亚历山大", "塞西尔·雷诺兹", "米拉·麦金尼", "默多克·麦夸里", "威尔弗雷德·卢卡斯", "爱德华·勒桑", "弗雷德·马拉泰斯塔", "萨米·斯坦", "特德·奥利弗", "诺曼·安斯利", "博比·巴伯", "海尼·康克林", "格洛丽亚·德黑文", "帕特·弗莱厄蒂", "弗兰克·哈格尼", "帕特·哈蒙", "劳埃德·英格拉哈姆", "沃尔特·詹姆斯", "爱德华·金博尔", "杰克·洛", "巴迪·梅辛杰", "布鲁斯·米切尔", "弗兰克·莫兰", "詹姆斯·C·莫顿", "路易·纳托", "J·C·纽金特", "拉斯·鲍威尔", "约翰兰德", "哈里·威尔逊"], "is_watched": false}, {"rating": ["9.3", "50"], "rank": 12, "cover_url": "https://img1.doubanio.com/view/photo/s_ratio_poster/public/p2170238828.jpg", "is_playable": true, "id": "1293908", "types": ["喜剧", "剧情", "爱情"], "regions": ["美国"], "title": "城市之光", "url": "https://movie.douban.com/subject/1293908/", "release_date": "1931-01-30", "actor_count": 9, "vote_count": 105887, "score": "9.3", "actors": ["查理·卓别林", "弗吉尼亚·切瑞尔", "佛罗伦斯·李", "亨利·伯格曼", "珍·哈露", "哈利·迈耶斯", "约翰兰德", "罗伯特·帕里什", "罗伯特·格雷夫斯"], "is_watched": false}, {"rating": ["9.3", "50"], "rank": 13, "cover_url": "https://img1.doubanio.com/view/photo/s_ratio_poster/public/p771490367.jpg", "is_playable": true, "id": "1293749", "types": ["剧情", "爱情", "奇幻"], "regions": ["美国"], "title": "生活多美好", "url": "https://movie.douban.com/subject/1293749/", "release_date": "1946-12-20", "actor_count": 84, "vote_count": 68762, "score": "9.3", "actors": ["詹姆斯·斯图尔特", "唐娜·里德", "莱昂纳尔·巴里摩尔", "托马斯·米切尔", "亨利·崔佛斯", "比尤拉·邦蒂", "弗兰克·费伦", "沃德·邦德", "格洛丽亚·格雷厄姆", "H.B.沃纳", "弗兰克·艾伯森", "托德·卡恩茨", "萨缪尔·S·辛兹", "玛丽·特琳", "弗吉妮娅·巴顿", "查尔斯·威廉姆斯", "萨拉·爱德华兹", "威廉·埃德蒙兹", "莉莲·伦道夫", "阿亨蒂娜·布鲁内蒂", "罗伯特·J·安德森", "龙尼·拉尔夫", "雅尼娜·安·鲁斯", "乔吉·努克斯", "谢尔登·伦纳德", "弗兰克·哈格尼", "雷·沃克", "查尔斯·莱恩", "爱德华·基恩", "卡萝尔·库姆斯", "卡罗琳·格兰姆斯", "拉里·西姆斯", "吉米·霍金斯", "简·阿克", "厄尼·亚当斯", "曼雅·安德烈", "斯坦利·安德鲁斯", "萨姆·阿什", "杰克·贝利", "布鲁克斯·贝内迪克特", "约瑟夫·伯纳德", "阿尔·布里奇", "玛丽安·卡尔", "阿德里亚娜·卡塞洛蒂", "莱恩·钱德勒", "迈克尔·蔡平", "汤姆·查特顿", "杰克·奇塔姆", "哈里·切希尔", "爱德华·克拉克", "汤姆·科尔曼", "埃伦·科比", "海伦·迪克森", "迪克·埃利奥特", "汤姆·法登", "弗兰克·芬顿", "埃迪·凡特思顿", "萨姆·弗林特", "迪克·戈登", "约瑟夫·格兰比", "查尔斯·霍尔顿", "Herbert Heywood", "Harry Holman", "Art Howard", "Bert Howard", "Arthur Stuart Hull", "John Indrisano", "艾迪·凯恩", "Carl Kent", "Milton Kibbee", "Effie Laird", "迈克·拉里", "Harold Landon", "Meade 'Lux' Lewis", "杰克·洛马斯", "J·法瑞尔·麦克唐纳", "Wilbur Mack", "Charles Meakin", "伯特·穆尔豪斯", "Evelyn Moriarty", "Philip Morris", "George Noisom", "弗兰克·奥康纳", "让·盖尔"], "is_watched": false}, {"rating": ["9.3", "50"], "rank": 14, "cover_url": "https://img9.doubanio.com/view/photo/s_ratio_poster/public/p2585323764.jpg", "is_playable": false, "id": "26972694", "types": ["爱情", "动画", "奇幻"], "regions": ["中国大陆"], "title": "狐妖小红娘剧场版：月红篇", "url": "https://movie.douban.com/subject/26972694/", "release_date": "2016-06-24", "actor_count": 8, "vote_count": 9139, "score": "9.3", "actors": ["杨天翔", "刘校妤", "张杰", "张予佟", "张凯", "乔诗语", "宝木中阳", "图特哈蒙"], "is_watched": false}, {"rating": ["9.2", "50"], "rank": 15, "cover_url": "https://img3.doubanio.com/view/photo/s_ratio_poster/public/p579729551.jpg", "is_playable": true, "id": "3793023", "types": ["剧情", "喜剧", "爱情", "歌舞"], "regions": ["印度"], "title": "三傻大闹宝莱坞", "url": "https://movie.douban.com/subject/3793023/", "release_date": "2011-12-08", "actor_count": 13, "vote_count": 1523601, "score": "9.2", "actors": ["阿米尔·汗", "卡琳娜·卡普尔", "马达范", "沙尔曼·乔希", "奥米·瓦依达", "博曼·伊拉尼", "莫娜·辛格", "拉杰夫·拉宾德拉纳特安", "Atul Tiwari", "阿里·法扎勒", "帕里卡沙特.萨赫尼", "Rakesh Sharma", "贾维德·杰弗里"], "is_watched": false}, {"rating": ["9.2", "45"], "rank": 16, "cover_url": "https://img9.doubanio.com/view/photo/s_ratio_poster/public/p2455050536.jpg", "is_playable": true, "id": "1292213", "types": ["喜剧", "爱情", "奇幻", "古装"], "regions": ["中国香港", "中国大陆"], "title": "大话西游之大圣娶亲", "url": "https://movie.douban.com/subject/1292213/", "release_date": "2014-10-24", "actor_count": 16, "vote_count": 1227057, "score": "9.2", "actors": ["周星驰", "吴孟达", "朱茵", "蔡少芬", "蓝洁瑛", "莫文蔚", "罗家英", "刘镇伟", "陆树铭", "李健仁", "金永钢", "胡立成", "付博文", "许敬义", "江约诚", "吴珏瑾"], "is_watched": false}, {"rating": ["9.2", "45"], "rank": 17, "cover_url": "https://img1.doubanio.com/view/photo/s_ratio_poster/public/p2559577569.jpg", "is_playable": false, "id": "1291828", "types": ["剧情", "爱情"], "regions": ["意大利", "法国"], "title": "天堂电影院", "url": "https://movie.douban.com/subject/1291828/", "release_date": "1988-11-17", "actor_count": 19, "vote_count": 511885, "score": "9.2", "actors": ["菲利普·努瓦雷", "雅克·贝汉", "马克·莱昂纳蒂", "萨瓦特利·卡西欧", "莱奥波多·特里耶斯泰", "安东内拉·阿蒂利", "恩佐·卡拉瓦勒", "艾萨·丹尼埃利", "里奥·故罗塔", "普佩拉·玛奇奥", "阿格妮丝·那诺", "塔诺·希玛罗萨", "尼古拉·迪·平托", "罗伯塔·蕾娜", "尼诺·戴罗佐", "玛丽娜·朱迪切", "比阿特丽斯·帕姆", "布丽吉特·佛西", "朱塞佩·托纳多雷"], "is_watched": false}, {"rating": ["9.2", "45"], "rank": 18, "cover_url": "https://img9.doubanio.com/view/photo/s_ratio_poster/public/p2174804034.jpg", "is_playable": true, "id": "1297880", "types": ["剧情", "爱情"], "regions": ["中国大陆"], "title": "芙蓉镇", "url": "https://movie.douban.com/subject/1297880/", "release_date": "1987-03-05", "actor_count": 10, "vote_count": 88650, "score": "9.2", "actors": ["刘晓庆", "姜文", "郑在石", "张光北", "徐松子", "祝士彬", "刘利年", "姜友石", "徐宁", "麦文燕"], "is_watched": false}, {"rating": ["9.2", "45"], "rank": 19, "cover_url": "https://img1.doubanio.com/view/photo/s_ratio_poster/public/p541622159.jpg", "is_playable": false, "id": "1769507", "types": ["剧情", "爱情", "战争"], "regions": ["法国", "比利时"], "title": "沉静如海", "url": "https://movie.douban.com/subject/1769507/", "release_date": "2004-10-25", "actor_count": 6, "vote_count": 56936, "score": "9.2", "actors": ["朱莉·德拉姆", "米歇尔·加拉布吕", "托马斯·儒阿特", "玛丽·布奈尔", "刘明珠", "商虹"], "is_watched": false}, {"rating": ["9.2", "45"], "rank": 20, "cover_url": "https://img3.doubanio.com/view/photo/s_ratio_poster/public/p1581774481.jpg", "is_playable": true, "id": "1298817", "types": ["喜剧", "爱情", "西部", "冒险"], "regions": ["美国"], "title": "淘金记", "url": "https://movie.douban.com/subject/1298817/", "release_date": "1925-06-26", "actor_count": 47, "vote_count": 41391, "score": "9.2", "actors": ["查理·卓别林", "马克·斯旺", "汤姆·默里", "亨利·伯格曼", "Malcolm Waite", "乔治亚·黑尔", "Jack Adams", "Sam Allen", "Harry Arras", "艾伯特·奥斯汀", "Marta Belfort", "George Brock", "海尼·康克林", "Kay Deslys", "James Dime", "Leon Farey", "Charles Force", "J.C. Fowler", "阿尔·欧内斯特·加西亚", "Inez Gomez", "希德·格鲁曼", "丽泰·格雷", "雷·格雷", "F.F. Guenste", "Jack Herrick", "George Holt", "Jean Huntley", "Gladys Johnston", "Fred Karno Jr.", "Elias Lazaroff", "Joan Lowell", "Chris-Pin Martin", "Clyde McAtee", "John Millerta", "贝蒂莫里西", "Florence Murth", "约翰兰德", "蒂尼·桑福德", "Frank Stockdale", "Frank Rice", "Lillian Rosine", "C.F. Roark", "Armand Triller", "John Wallace", "Tom Wood", "Ed Wilson", "Bess Wade"], "is_watched": false}, {"rating": ["9.2", "50"], "rank": 21, "cover_url": "https://img9.doubanio.com/view/photo/s_ratio_poster/public/p2578760496.jpg", "is_playable": true, "id": "1303913", "types": ["剧情", "传记", "爱情"], "regions": ["中国香港"], "title": "南海十三郎", "url": "https://movie.douban.com/subject/1303913/", "release_date": "1997-05-15", "actor_count": 17, "vote_count": 35493, "score": "9.2", "actors": ["谢君豪", "苏玉华", "吴绮莉", "黄霑", "潘灿良", "张国权", "陈志辉", "陈琪", "袁富华", "邱万城", "周志辉", "田二喜", "梁汉威", "罗慧虹", "司马华龙", "何云", "邓祥"], "is_watched": false}]