[{"businessLicenseNumber": "91320691581031955E", "businessPerson": "荻野高志", "certStr": "一般液态单元（啫喱类、护发清洁类、护肤水类）；膏霜乳液单元（护发类、护肤清洁类）；蜡基单元（蜡基类）", "cityCode": "", "countyCode": "", "creatUser": "", "createTime": "", "endTime": "", "epsAddress": "江苏省南通经济技术开发区新东路17号", "epsName": "科思美碧优蒂化妆品（南通）有限公司", "epsProductAddress": "江苏省南通经济技术开发区新东路17号", "id": "", "isimport": "N", "legalPerson": "荻野高志", "offDate": "", "offReason": "", "parentid": "", "preid": "", "processid": "20210111093059202bjwxa", "productSn": "苏妆20160008", "provinceCode": "", "qfDate": "", "qfManagerName": "江苏省药品监督管理局", "qualityPerson": "谭良", "rcManagerDepartName": "江苏省药品监督管理局南通检查分局", "rcManagerUser": "江苏省药品监督管理局南通检查分局负责日常监管的人员", "startTime": "", "warehouseAddress": "", "xkCompleteDate": null, "xkDate": "2026-02-24", "xkDateStr": "2021-02-25", "xkName": "孔卫东", "xkProject": "", "xkRemark": "", "xkType": "202"}, {"businessLicenseNumber": "91445321MA53UX3G2X", "businessPerson": "王祥周", "certStr": "气雾剂及有机溶剂单元（有机溶剂类）", "cityCode": "", "countyCode": "", "creatUser": "", "createTime": "", "endTime": "", "epsAddress": "新兴县新城镇新成工业园北园05-01-03地块11栋", "epsName": "广东海露生物科技有限公司", "epsProductAddress": "新兴县新城镇新成工业园北园05-01-03地块11栋2-3层", "id": "", "isimport": "Y", "legalPerson": "王祥周", "offDate": "", "offReason": "", "parentid": "", "preid": "", "processid": "", "productSn": "粤妆20210061", "provinceCode": "", "qfDate": "", "qfManagerName": "广东省药品监督管理局", "qualityPerson": "张家春", "rcManagerDepartName": "新兴县市场监督管理局", "rcManagerUser": "张新德、羊秋秋", "startTime": "", "warehouseAddress": "", "xkCompleteDate": null, "xkDate": "2026-02-23", "xkDateStr": "2021-02-24", "xkName": "严振", "xkProject": "", "xkRemark": "无", "xkType": "201"}, {"businessLicenseNumber": "91441881562625029H", "businessPerson": "刘增凡", "certStr": "一般液态单元（护发清洁类、护肤水类、啫喱类）；膏霜乳液单元（护肤清洁类）；气雾剂及有机溶剂单元（气雾剂类、有机溶剂类）", "cityCode": "", "countyCode": "", "creatUser": "", "createTime": "", "endTime": "", "epsAddress": "英德市白沙镇凯迪工业区", "epsName": "英德市东顺精细化工实业有限公司", "epsProductAddress": "英德市白沙镇凯迪工业区", "id": "", "isimport": "Y", "legalPerson": "刘伟如", "offDate": "", "offReason": "", "parentid": "", "preid": "", "processid": "", "productSn": "粤妆20170574", "provinceCode": "", "qfDate": "", "qfManagerName": "广东省药品监督管理局", "qualityPerson": "莫诒杰", "rcManagerDepartName": "英德市市场监督管理局", "rcManagerUser": "吕 军  徐洁花", "startTime": "", "warehouseAddress": "", "xkCompleteDate": null, "xkDate": "2022-11-09", "xkDateStr": "2021-02-23", "xkName": "严振", "xkProject": "", "xkRemark": "无", "xkType": "206"}, {"businessLicenseNumber": "91442000562583439F", "businessPerson": "颜建章", "certStr": "一般液态单元（护发清洁类、护肤水类、啫喱类）；膏霜乳液单元（护肤清洁类、护发类）", "cityCode": "", "countyCode": "", "creatUser": "", "createTime": "", "endTime": "", "epsAddress": "中山市南朗镇华南现代中医药城完美路8号", "epsName": "完美（广东）日用品有限公司", "epsProductAddress": "中山市南朗镇华南现代中医药城完美路8号", "id": "", "isimport": "Y", "legalPerson": "颜建章", "offDate": "", "offReason": "", "parentid": "", "preid": "", "processid": "", "productSn": "粤妆20170546", "provinceCode": "", "qfDate": "", "qfManagerName": "广东省药品监督管理局", "qualityPerson": "潘联顺", "rcManagerDepartName": "/", "rcManagerUser": "/", "startTime": "", "warehouseAddress": "", "xkCompleteDate": null, "xkDate": "2022-10-23", "xkDateStr": "2021-02-23", "xkName": "严振", "xkProject": "", "xkRemark": "无", "xkType": "206"}, {"businessLicenseNumber": "91442000799322632J", "businessPerson": "徐宇霖", "certStr": "一般液态单元（护发清洁类、护肤水类、啫喱类）；膏霜乳液单元（护肤清洁类、护发类）；气雾剂及有机溶剂单元（气雾剂类、有机溶剂类）", "cityCode": "", "countyCode": "", "creatUser": "", "createTime": "", "endTime": "", "epsAddress": "中山市三角镇金鲤工业区迪源路28号", "epsName": "中山市天图精细化工有限公司", "epsProductAddress": "中山市三角镇金鲤工业区迪源路28号", "id": "", "isimport": "Y", "legalPerson": "徐宇霖", "offDate": "", "offReason": "", "parentid": "", "preid": "", "processid": "", "productSn": "粤妆20160409", "provinceCode": "", "qfDate": "", "qfManagerName": "广东省药品监督管理局", "qualityPerson": "梁高健", "rcManagerDepartName": "/", "rcManagerUser": "/", "startTime": "", "warehouseAddress": "", "xkCompleteDate": null, "xkDate": "2026-02-22", "xkDateStr": "2021-02-23", "xkName": "严振", "xkProject": "", "xkRemark": "无", "xkType": "206"}, {"businessLicenseNumber": "91442000617592878P", "businessPerson": "杨永光", "certStr": "牙膏单元（牙膏类）", "cityCode": "", "countyCode": "", "creatUser": "", "createTime": "", "endTime": "", "epsAddress": "广东省中山市西区沙朗第三工业区金昌工业路22号", "epsName": "好来化工（中山）有限公司", "epsProductAddress": "广东省中山市西区沙朗第三工业区金昌工业路22号", "id": "", "isimport": "Y", "legalPerson": "严挹芬", "offDate": "", "offReason": "", "parentid": "", "preid": "", "processid": "", "productSn": "粤妆20160115", "provinceCode": "", "qfDate": "", "qfManagerName": "广东省药品监督管理局", "qualityPerson": "何银芳", "rcManagerDepartName": "/", "rcManagerUser": "/", "startTime": "", "warehouseAddress": "", "xkCompleteDate": null, "xkDate": "2026-02-22", "xkDateStr": "2021-02-23", "xkName": "严振", "xkProject": "", "xkRemark": "无", "xkType": "206"}, {"businessLicenseNumber": "91330782147653364F", "businessPerson": "金千成", "certStr": "产址1：蜡基单元（蜡基类）；气雾剂及有机溶剂单元（有机溶剂类）； ", "cityCode": "", "countyCode": "", "creatUser": "", "createTime": "", "endTime": "", "epsAddress": "浙江省金华市义乌市北苑街道景一路10号A-C座", "epsName": "浙江奥莉力化妆品有限公司", "epsProductAddress": "浙江省金华市义乌市北苑街道景一路10号A-C座", "id": "", "isimport": "Y", "legalPerson": "金千成", "offDate": "", "offReason": "", "parentid": "", "preid": "", "processid": "", "productSn": "浙妆20160105", "provinceCode": "", "qfDate": "", "qfManagerName": "浙江省药品监督管理局", "qualityPerson": "黄萍萍", "rcManagerDepartName": "义乌市市场监督管理局", "rcManagerUser": "张俊伟 周荣林", "startTime": "", "warehouseAddress": "", "xkCompleteDate": null, "xkDate": "2021-10-24", "xkDateStr": "2021-02-22", "xkName": "苏志良", "xkProject": "", "xkRemark": "", "xkType": "206"}, {"businessLicenseNumber": "91441322MA55BWX40X", "businessPerson": "欧小俞", "certStr": "一般液态单元（护发清洁类、护肤水类、啫喱类）；膏霜乳液单元（护肤清洁类、护发类）", "cityCode": "", "countyCode": "", "creatUser": "", "createTime": "", "endTime": "", "epsAddress": "广东省惠州市博罗县石湾镇西埔工业区1168号", "epsName": "广东弘丽化妆品有限公司", "epsProductAddress": "广东省惠州市博罗县石湾镇西埔工业区1168号", "id": "", "isimport": "Y", "legalPerson": "欧小俞", "offDate": "", "offReason": "", "parentid": "", "preid": "", "processid": "", "productSn": "粤妆20210060", "provinceCode": "", "qfDate": "", "qfManagerName": "广东省药品监督管理局", "qualityPerson": "陈细儿", "rcManagerDepartName": "///", "rcManagerUser": "///", "startTime": "", "warehouseAddress": "", "xkCompleteDate": null, "xkDate": "2026-02-21", "xkDateStr": "2021-02-22", "xkName": "严振", "xkProject": "", "xkRemark": "无", "xkType": "201"}, {"businessLicenseNumber": "91440101MA9UKBNM6T", "businessPerson": "肖德凯", "certStr": "一般液态单元（护发清洁类、护肤水类、啫喱类）；膏霜乳液单元（护肤清洁类、护发类）", "cityCode": "", "countyCode": "", "creatUser": "", "createTime": "", "endTime": "", "epsAddress": "广州市增城区仙宁路4号1栋", "epsName": "澳思美科技（广州）有限公司", "epsProductAddress": "广州市增城区仙宁路4号1栋101、201、301", "id": "", "isimport": "Y", "legalPerson": "肖德凯", "offDate": "", "offReason": "", "parentid": "", "preid": "", "processid": "", "productSn": "粤妆20210023", "provinceCode": "", "qfDate": "", "qfManagerName": "广东省药品监督管理局", "qualityPerson": "高超群", "rcManagerDepartName": "/", "rcManagerUser": "/", "startTime": "", "warehouseAddress": "", "xkCompleteDate": null, "xkDate": "2026-01-18", "xkDateStr": "2021-02-22", "xkName": "严振", "xkProject": "", "xkRemark": "无", "xkType": "206"}, {"businessLicenseNumber": "91440101MA5CWRPE9X", "businessPerson": "潘琪", "certStr": "一般液态单元（护发清洁类、护肤水类、啫喱类）；膏霜乳液单元（护肤清洁类、护发类）", "cityCode": "", "countyCode": "", "creatUser": "", "createTime": "", "endTime": "", "epsAddress": "广州市从化区城郊丽都路55号3栋", "epsName": "美卡素大健康产业（广东）有限公司", "epsProductAddress": "广州市从化区城郊丽都路55号3栋一层、三层、四层", "id": "", "isimport": "Y", "legalPerson": "潘琪", "offDate": "", "offReason": "", "parentid": "", "preid": "", "processid": "", "productSn": "粤妆20200024", "provinceCode": "", "qfDate": "", "qfManagerName": "广东省药品监督管理局", "qualityPerson": "许鸿坑", "rcManagerDepartName": "从化区局城郊市场监管所", "rcManagerUser": "监管机构指定人员", "startTime": "", "warehouseAddress": "", "xkCompleteDate": null, "xkDate": "2025-01-16", "xkDateStr": "2021-02-22", "xkName": "严振", "xkProject": "", "xkRemark": "无", "xkType": "206"}, {"businessLicenseNumber": "91440101MA5CPW8H0Y", "businessPerson": "黄嘉良", "certStr": "一般液态单元（护发清洁类、护肤水类、啫喱类）；膏霜乳液单元（护肤清洁类、护发类）", "cityCode": "", "countyCode": "", "creatUser": "", "createTime": "", "endTime": "", "epsAddress": "广州市番禺区钟村街胜石村钟韦路胜石工业区A区203", "epsName": "赛曼娜（广东）智能生物科技有限公司", "epsProductAddress": "广州市番禺区钟村街胜石村钟韦路胜石工业区A区2栋二楼203", "id": "", "isimport": "Y", "legalPerson": "黄嘉良", "offDate": "", "offReason": "", "parentid": "", "preid": "", "processid": "", "productSn": "粤妆20190238", "provinceCode": "", "qfDate": "", "qfManagerName": "广东省药品监督管理局", "qualityPerson": "蒋太林", "rcManagerDepartName": "番禺区局钟村市场监管所", "rcManagerUser": "卢建辉、杨芬", "startTime": "", "warehouseAddress": "", "xkCompleteDate": null, "xkDate": "2024-10-24", "xkDateStr": "2021-02-22", "xkName": "严振", "xkProject": "", "xkRemark": "无", "xkType": "206"}, {"businessLicenseNumber": "91440101MA59CR0F6F", "businessPerson": "翁建基", "certStr": "一般液态单元（护发清洁类、护肤水类、啫喱类）；膏霜乳液单元（护肤清洁类、护发类）", "cityCode": "", "countyCode": "", "creatUser": "", "createTime": "", "endTime": "", "epsAddress": "广州市白云区钟落潭镇石桥路26号", "epsName": "广东富美康化妆品有限公司", "epsProductAddress": "广州市白云区钟落潭镇石桥路26号", "id": "", "isimport": "Y", "legalPerson": "翁豪源", "offDate": "", "offReason": "", "parentid": "", "preid": "", "processid": "", "productSn": "粤妆20180242", "provinceCode": "", "qfDate": "", "qfManagerName": "广东省药品监督管理局", "qualityPerson": "罗吉吾", "rcManagerDepartName": "白云区局钟落潭食品药品监督管理所", "rcManagerUser": "谢庆行、梁嘉伦", "startTime": "", "warehouseAddress": "", "xkCompleteDate": null, "xkDate": "2023-11-20", "xkDateStr": "2021-02-22", "xkName": "严振", "xkProject": "", "xkRemark": "无", "xkType": "206"}, {"businessLicenseNumber": "91440101MA5APNE54G", "businessPerson": "王样岸", "certStr": "气雾剂及有机溶剂单元（有机溶剂类）", "cityCode": "", "countyCode": "", "creatUser": "", "createTime": "", "endTime": "", "epsAddress": "广州市白云区钟落潭镇东凤南路11号110房", "epsName": "广州海露生物科技有限公司", "epsProductAddress": "广州市白云区钟落潭镇东凤南路11号110房2楼和3楼", "id": "", "isimport": "Y", "legalPerson": "王样岸", "offDate": "", "offReason": "", "parentid": "", "preid": "", "processid": "", "productSn": "粤妆20180214", "provinceCode": "", "qfDate": "", "qfManagerName": "广东省药品监督管理局", "qualityPerson": "王维", "rcManagerDepartName": "白云区局钟落潭食品药品监督管理所", "rcManagerUser": "谢庆行、梁嘉伦", "startTime": "", "warehouseAddress": "", "xkCompleteDate": null, "xkDate": "2023-10-22", "xkDateStr": "2021-02-22", "xkName": "严振", "xkProject": "", "xkRemark": "无", "xkType": "206"}, {"businessLicenseNumber": "91440111581856332J", "businessPerson": "李绪雄", "certStr": "一般液态单元（护发清洁类、护肤水类、啫喱类）；膏霜乳液单元（护肤清洁类）", "cityCode": "", "countyCode": "", "creatUser": "", "createTime": "", "endTime": "", "epsAddress": "广州市白云区均禾街小马商业南街自编29号", "epsName": "广州科雅生物科技有限公司", "epsProductAddress": "广州市白云区均禾街小马商业南街自编29号", "id": "", "isimport": "Y", "legalPerson": "李绪雄", "offDate": "", "offReason": "", "parentid": "", "preid": "", "processid": "", "productSn": "粤妆20170420", "provinceCode": "", "qfDate": "", "qfManagerName": "广东省药品监督管理局", "qualityPerson": "张智勇", "rcManagerDepartName": "白云区局均禾食品药品监督管理所", "rcManagerUser": "赖成旭、何文健", "startTime": "", "warehouseAddress": "", "xkCompleteDate": null, "xkDate": "2022-06-25", "xkDateStr": "2021-02-22", "xkName": "严振", "xkProject": "", "xkRemark": "无", "xkType": "206"}, {"businessLicenseNumber": "91440111791004429U", "businessPerson": "黄益圭", "certStr": "一般液态单元（护发清洁类、护肤水类、啫喱类）；膏霜乳液单元（护肤清洁类、护发类）", "cityCode": "", "countyCode": "", "creatUser": "", "createTime": "", "endTime": "", "epsAddress": "广州市白云区钟落潭镇良园二横路11号2号楼、3号楼101房、201房", "epsName": "广州市白云区宝诗莱精细化工厂", "epsProductAddress": "广州市白云区钟落潭镇良园二横路11号2号楼、3号楼101房、201房", "id": "", "isimport": "Y", "legalPerson": "黄益圭", "offDate": "", "offReason": "", "parentid": "", "preid": "", "processid": "", "productSn": "粤妆20161786", "provinceCode": "", "qfDate": "", "qfManagerName": "广东省药品监督管理局", "qualityPerson": "钟振木", "rcManagerDepartName": "白云区局钟落潭食品药品监督管理所", "rcManagerUser": "梁嘉伦、周永伟", "startTime": "", "warehouseAddress": "", "xkCompleteDate": null, "xkDate": "2026-02-21", "xkDateStr": "2021-02-22", "xkName": "严振", "xkProject": "", "xkRemark": "无", "xkType": "206"}, {"businessLicenseNumber": "91440111088162783W", "businessPerson": "陈清云", "certStr": "一般液态单元（护发清洁类、护肤水类、啫喱类）；膏霜乳液单元（护肤清洁类、护发类）", "cityCode": "", "countyCode": "", "creatUser": "", "createTime": "", "endTime": "", "epsAddress": "广州市白云区均禾街罗岗工业区自编68号", "epsName": "广州智尚生物科技有限公司", "epsProductAddress": "广州市白云区均禾街罗岗工业区自编68号", "id": "", "isimport": "Y", "legalPerson": "冷智刚", "offDate": "", "offReason": "", "parentid": "", "preid": "", "processid": "", "productSn": "粤妆20161525", "provinceCode": "", "qfDate": "", "qfManagerName": "广东省药品监督管理局", "qualityPerson": "欧阳福威", "rcManagerDepartName": "白云区局均禾市场监管所", "rcManagerUser": "监管机构指定人员", "startTime": "", "warehouseAddress": "", "xkCompleteDate": null, "xkDate": "2021-12-07", "xkDateStr": "2021-02-22", "xkName": "严振", "xkProject": "", "xkRemark": "无", "xkType": "206"}, {"businessLicenseNumber": "91440101786096533H", "businessPerson": "高伟", "certStr": "一般液态单元（护发清洁类、护肤水类、啫喱类）；膏霜乳液单元（护肤清洁类、护发类）；粉单元（散粉类、块状粉类、浴盐类）；蜡基单元（蜡基类）", "cityCode": "", "countyCode": "", "creatUser": "", "createTime": "", "endTime": "", "epsAddress": "广州市白云区新贝路5号", "epsName": "广东芭薇生物科技股份有限公司", "epsProductAddress": "广州市白云区罗岗工业区自编18号， \r\n广州市白云区均禾街清湖村大布路225号A栋，B栋2楼，\r\n广州市白云区新贝路5号", "id": "", "isimport": "Y", "legalPerson": "冷群英", "offDate": "", "offReason": "", "parentid": "", "preid": "", "processid": "", "productSn": "粤妆20160687", "provinceCode": "", "qfDate": "", "qfManagerName": "广东省药品监督管理局", "qualityPerson": "石品靖", "rcManagerDepartName": "白云区局均禾市场监管所", "rcManagerUser": "监管机构指定人员", "startTime": "", "warehouseAddress": "", "xkCompleteDate": null, "xkDate": "2023-02-08", "xkDateStr": "2021-02-22", "xkName": "严振", "xkProject": "", "xkRemark": "无", "xkType": "206"}, {"businessLicenseNumber": "9144011159153584X7", "businessPerson": "戴成腾", "certStr": "一般液态单元（护发清洁类、护肤水类、啫喱类）；膏霜乳液单元（护肤清洁类、护发类）；粉单元（散粉类、块状粉类）；蜡基单元（蜡基类）", "cityCode": "", "countyCode": "", "creatUser": "", "createTime": "", "endTime": "", "epsAddress": "广州市白云区人和镇岗尾村窝贝刘工业区同贵路1号1栋、2栋(空港白云）", "epsName": "广州市腾宇化妆品有限公司", "epsProductAddress": "广州市白云区人和镇岗尾村窝贝刘工业区同贵路1号1栋、2栋一楼", "id": "", "isimport": "Y", "legalPerson": "戴成腾", "offDate": "", "offReason": "", "parentid": "", "preid": "", "processid": "", "productSn": "粤妆20160535", "provinceCode": "", "qfDate": "", "qfManagerName": "广东省药品监督管理局", "qualityPerson": "廖伦辉", "rcManagerDepartName": "白云区局人和食品药品监督管理所", "rcManagerUser": "黄绍威、王艳妮", "startTime": "", "warehouseAddress": "", "xkCompleteDate": null, "xkDate": "2026-01-24", "xkDateStr": "2021-02-22", "xkName": "严振", "xkProject": "", "xkRemark": "无", "xkType": "206"}, {"businessLicenseNumber": "914401117163687089", "businessPerson": "马炳杰", "certStr": "一般液态单元（护发清洁类、护肤水类、啫喱类）；膏霜乳液单元（护肤清洁类、护发类）", "cityCode": "", "countyCode": "", "creatUser": "", "createTime": "", "endTime": "", "epsAddress": "广州市花都区新雅街庄贤路53号1栋301室（空港花都）", "epsName": "广州市丹莹化妆品有限公司", "epsProductAddress": "广州市花都区庄贤路53号1栋301室、401室、501室", "id": "", "isimport": "Y", "legalPerson": "马伟强", "offDate": "", "offReason": "", "parentid": "", "preid": "", "processid": "", "productSn": "粤妆20160225", "provinceCode": "", "qfDate": "", "qfManagerName": "广东省药品监督管理局", "qualityPerson": "邓 静", "rcManagerDepartName": "花都区局新雅市场监管所", "rcManagerUser": "监管机构指定人员", "startTime": "", "warehouseAddress": "", "xkCompleteDate": null, "xkDate": "2024-04-16", "xkDateStr": "2021-02-22", "xkName": "严振", "xkProject": "", "xkRemark": "无", "xkType": "206"}, {"businessLicenseNumber": "91440111MA59A5NP3T", "businessPerson": "马乃杰", "certStr": "一般液态单元（护发清洁类、护肤水类、啫喱类）；膏霜乳液单元（护肤清洁类、护发类）；粉单元（散粉类、块状粉类）；蜡基单元（蜡基类）", "cityCode": "", "countyCode": "", "creatUser": "", "createTime": "", "endTime": "", "epsAddress": "广州市白云区嘉禾望岗西岭南街2号西岭工业区17号", "epsName": "广州真如化妆品有限公司", "epsProductAddress": "广州市白云区嘉禾望岗西岭南街2号西岭工业区17号", "id": "", "isimport": "Y", "legalPerson": "马乃杰", "offDate": "", "offReason": "", "parentid": "", "preid": "", "processid": "", "productSn": "粤妆20160048", "provinceCode": "", "qfDate": "", "qfManagerName": "广东省药品监督管理局", "qualityPerson": "樊为君", "rcManagerDepartName": "白云区局嘉禾市场监管所", "rcManagerUser": "监管机构指定人员", "startTime": "", "warehouseAddress": "", "xkCompleteDate": null, "xkDate": "2024-09-15", "xkDateStr": "2021-02-22", "xkName": "严振", "xkProject": "", "xkRemark": "无", "xkType": "206"}, {"businessLicenseNumber": "913501040708957780", "businessPerson": "范勇华", "certStr": "一般液态单元（护肤水类）；膏霜乳液单元（护肤清洁类）", "cityCode": "", "countyCode": "", "creatUser": "", "createTime": "", "endTime": "", "epsAddress": "福州市仓山区盖山镇盘屿路869号金山工业集中区福湾片标准厂房17号楼3-4层、7-8层", "epsName": "蓝佳堂生物医药（福建）有限公司", "epsProductAddress": "福州市仓山区盖山镇盘屿路869号金山工业集中区福湾片标准厂房17号楼3-4层", "id": "", "isimport": "N", "legalPerson": "邱丽云", "offDate": "", "offReason": "", "parentid": "", "preid": "", "processid": "2020122313021320181fq5", "productSn": "闽妆20210001", "provinceCode": "", "qfDate": "", "qfManagerName": "福建省药品监督管理局", "qualityPerson": "郑宏宇", "rcManagerDepartName": "福建省药品监督管理局福州药品稽查办公室", "rcManagerUser": "***", "startTime": "", "warehouseAddress": "", "xkCompleteDate": null, "xkDate": "2026-02-21", "xkDateStr": "2021-02-22", "xkName": "俞开海", "xkProject": "", "xkRemark": "", "xkType": "201"}, {"businessLicenseNumber": "91441303MA54PYMW0H", "businessPerson": "李志超", "certStr": "粉单元（浴盐类）", "cityCode": "", "countyCode": "", "creatUser": "", "createTime": "", "endTime": "", "epsAddress": "惠东县白花镇谟岭ML-05厂房C栋厂房4、5楼", "epsName": "惠州市润安美生物科技有限公司", "epsProductAddress": "惠东县白花镇谟岭ML-05厂房C栋厂房4楼", "id": "", "isimport": "Y", "legalPerson": "李志超", "offDate": "", "offReason": "", "parentid": "", "preid": "", "processid": "", "productSn": "粤妆20210059", "provinceCode": "", "qfDate": "", "qfManagerName": "广东省药品监督管理局", "qualityPerson": "蒋彬", "rcManagerDepartName": "///", "rcManagerUser": "///", "startTime": "", "warehouseAddress": "", "xkCompleteDate": null, "xkDate": "2026-02-19", "xkDateStr": "2021-02-20", "xkName": "严振", "xkProject": "", "xkRemark": "无", "xkType": "201"}, {"businessLicenseNumber": "914405120867583566", "businessPerson": "林奕斯", "certStr": "粉单元（散粉类、块状粉类、浴盐类）；蜡基单元（蜡基类）", "cityCode": "", "countyCode": "", "creatUser": "", "createTime": "", "endTime": "", "epsAddress": "汕头市濠江区苏河大道6号", "epsName": "汕头市美宝源化妆品有限公司", "epsProductAddress": "汕头市濠江区苏河大道6号", "id": "", "isimport": "Y", "legalPerson": "李嘉泳", "offDate": "", "offReason": "", "parentid": "", "preid": "", "processid": "", "productSn": "粤妆20190010", "provinceCode": "", "qfDate": "", "qfManagerName": "广东省药品监督管理局", "qualityPerson": "李嘉泳", "rcManagerDepartName": "汕头市濠江区市场监督管理局", "rcManagerUser": "由日常监督管理机构指定（F）", "startTime": "", "warehouseAddress": "", "xkCompleteDate": null, "xkDate": "2024-01-08", "xkDateStr": "2021-02-20", "xkName": "严振", "xkProject": "", "xkRemark": "无", "xkType": "206"}, {"businessLicenseNumber": "91220101MA158XEQ9N", "businessPerson": "眭春", "certStr": "一般液态单元（啫喱类、护发清洁类、护肤水类）；膏霜乳液单元（护肤清洁类）", "cityCode": "", "countyCode": "", "creatUser": "", "createTime": "", "endTime": "", "epsAddress": "吉林省长春市北湖科技开发区宝成路3388号", "epsName": "吉林省蓝浦浩业科技有限公司", "epsProductAddress": "吉林省长春市北湖科技开发区宝成路3388号", "id": "", "isimport": "N", "legalPerson": "眭春", "offDate": "", "offReason": "", "parentid": "", "preid": "", "processid": "20210128125938206cq6ry", "productSn": "吉妆20190008", "provinceCode": "", "qfDate": "", "qfManagerName": "吉林省食品药品监督管理局", "qualityPerson": "孙玮哲", "rcManagerDepartName": "吉林省药品监督管理局长春检查分局", "rcManagerUser": "栾洪斌、杨树德", "startTime": "", "warehouseAddress": "", "xkCompleteDate": null, "xkDate": "2024-10-13", "xkDateStr": "2021-02-20", "xkName": "", "xkProject": "", "xkRemark": "", "xkType": "206"}, {"businessLicenseNumber": "91440513MA55ULG46M", "businessPerson": "马发武", "certStr": "一般液态单元（护发清洁类、护肤水类、啫喱类）；膏霜乳液单元（护肤清洁类、护发类）；粉单元（散粉类、块状粉类、浴盐类）；蜡基单元（蜡基类）", "cityCode": "", "countyCode": "", "creatUser": "", "createTime": "", "endTime": "", "epsAddress": "汕头市潮阳区和平镇中寨工业区", "epsName": "广东万妆化妆品有限公司", "epsProductAddress": "汕头市潮阳区和平镇中寨工业区3号", "id": "", "isimport": "Y", "legalPerson": "马发振", "offDate": "", "offReason": "", "parentid": "", "preid": "", "processid": "", "productSn": "粤妆20210058", "provinceCode": "", "qfDate": "", "qfManagerName": "广东省药品监督管理局", "qualityPerson": "黄洁", "rcManagerDepartName": "汕头市潮阳区市场监督管理局", "rcManagerUser": "由日常监督管理机构指定（Y）", "startTime": "", "warehouseAddress": "", "xkCompleteDate": null, "xkDate": "2026-02-18", "xkDateStr": "2021-02-19", "xkName": "严振", "xkProject": "", "xkRemark": "无", "xkType": "201"}, {"businessLicenseNumber": "91440101MA9UYAAY5T", "businessPerson": "王宴良", "certStr": "一般液态单元（护发清洁类、护肤水类、啫喱类）；膏霜乳液单元（护肤清洁类、护发类）", "cityCode": "", "countyCode": "", "creatUser": "", "createTime": "", "endTime": "", "epsAddress": "广州市增城区新塘镇塘美村大塱（厂房A1）", "epsName": "广州本色丽人美容生物科技有限公司", "epsProductAddress": "广州市增城区新塘镇塘美村大塱（厂房A1）二楼", "id": "", "isimport": "Y", "legalPerson": "王宴良", "offDate": "", "offReason": "", "parentid": "", "preid": "", "processid": "", "productSn": "粤妆20210057", "provinceCode": "", "qfDate": "", "qfManagerName": "广东省药品监督管理局", "qualityPerson": "蔡杰华", "rcManagerDepartName": "/", "rcManagerUser": "/", "startTime": "", "warehouseAddress": "", "xkCompleteDate": null, "xkDate": "2026-02-18", "xkDateStr": "2021-02-19", "xkName": "严振", "xkProject": "", "xkRemark": "无", "xkType": "201"}, {"businessLicenseNumber": "91440783MA4UXUMN1G", "businessPerson": "张炜程", "certStr": "一般液态单元（护发清洁类、护肤水类、啫喱类）；膏霜乳液单元（护肤清洁类、护发类）", "cityCode": "", "countyCode": "", "creatUser": "", "createTime": "", "endTime": "", "epsAddress": "开平市翠山湖新区环翠西路2号2座二楼3卡", "epsName": "广东金山百草健康产业有限公司", "epsProductAddress": "开平市翠山湖新区环翠西路2号2座二楼3卡", "id": "", "isimport": "Y", "legalPerson": "张景耀", "offDate": "", "offReason": "", "parentid": "", "preid": "", "processid": "", "productSn": "粤妆20170394", "provinceCode": "", "qfDate": "", "qfManagerName": "广东省药品监督管理局", "qualityPerson": "罗宇辉", "rcManagerDepartName": "江门市市场监督管理局", "rcManagerUser": "由日常监管机构指定", "startTime": "", "warehouseAddress": "", "xkCompleteDate": null, "xkDate": "2022-05-11", "xkDateStr": "2021-02-19", "xkName": "严振", "xkProject": "", "xkRemark": "无", "xkType": "206"}, {"businessLicenseNumber": "91440111304727372F", "businessPerson": "杨 帆", "certStr": "一般液态单元（护发清洁类、护肤水类、啫喱类）；膏霜乳液单元（护肤清洁类、护发类）", "cityCode": "", "countyCode": "", "creatUser": "", "createTime": "", "endTime": "", "epsAddress": "广州市白云区太和镇草庄东路46号整栋", "epsName": "广州市蒲金精细化工有限公司", "epsProductAddress": "广州市白云区太和镇草庄东路46号整栋", "id": "", "isimport": "Y", "legalPerson": "刘志斌", "offDate": "", "offReason": "", "parentid": "", "preid": "", "processid": "", "productSn": "粤妆20160787", "provinceCode": "", "qfDate": "", "qfManagerName": "广东省药品监督管理局", "qualityPerson": "陈志高", "rcManagerDepartName": "白云区局太和食品药品监督管理所", "rcManagerUser": "任卫红、黄礼杰", "startTime": "", "warehouseAddress": "", "xkCompleteDate": null, "xkDate": "2026-02-18", "xkDateStr": "2021-02-19", "xkName": "严振", "xkProject": "", "xkRemark": "无", "xkType": "206"}, {"businessLicenseNumber": "91441625MA4UKH5E35", "businessPerson": "张宗兴", "certStr": "一般液态单元（护发清洁类、护肤水类、染烫发类、啫喱类）；膏霜乳液单元（护肤清洁类、护发类、染烫发类）；蜡基单元（蜡基类）", "cityCode": "", "countyCode": "", "creatUser": "", "createTime": "", "endTime": "", "epsAddress": "河源市东源县徐洞工业开发区", "epsName": "广东纤佰俪医药生物化妆品有限公司", "epsProductAddress": "河源市东源县徐洞工业开发区", "id": "", "isimport": "Y", "legalPerson": "张宗兴", "offDate": "", "offReason": "", "parentid": "", "preid": "", "processid": "", "productSn": "粤妆20180222", "provinceCode": "", "qfDate": "", "qfManagerName": "广东省药品监督管理局", "qualityPerson": "陈伟民", "rcManagerDepartName": "河源市市场监督管理局、东源县市场监督管理局", "rcManagerUser": "/", "startTime": "", "warehouseAddress": "", "xkCompleteDate": null, "xkDate": "2023-10-30", "xkDateStr": "2021-02-18", "xkName": "严振", "xkProject": "", "xkRemark": "无", "xkType": "206"}, {"businessLicenseNumber": "91341171MA2UE0W596", "businessPerson": "於华桥", "certStr": "一般液态单元（啫喱类、护发清洁类、护肤水类）；膏霜乳液单元（护发类、护肤清洁类）；牙膏单元（牙膏类）", "cityCode": "", "countyCode": "", "creatUser": "", "createTime": "", "endTime": "", "epsAddress": "安徽省滁州市苏滁现代产业园五期现代工业坊2号标准厂房", "epsName": "滁州向日葵药业有限公司", "epsProductAddress": "安徽省滁州市苏滁现代产业园五期现代工业坊2号标准厂房", "id": "", "isimport": "N", "legalPerson": "於华桥", "offDate": "", "offReason": "", "parentid": "", "preid": "", "processid": "20201224090732201s81cp", "productSn": "皖妆20210005", "provinceCode": "", "qfDate": "", "qfManagerName": "安徽省药品监督管理局", "qualityPerson": "周晓峰", "rcManagerDepartName": "安徽省药品监督管理局", "rcManagerUser": "***", "startTime": "", "warehouseAddress": "", "xkCompleteDate": null, "xkDate": "2026-02-17", "xkDateStr": "2021-02-18", "xkName": "吴丽华", "xkProject": "", "xkRemark": "", "xkType": "201"}]